1,京田,陽太,NULL,NULL
2,高橋,周平,NULL,NULL
3,藤井,淳志,NULL,NULL
4,阿部,寿樹,NULL,NULL
5,平田,良介,NULL,NULL
6,根尾,昂,NULL,NULL
7,大島,洋平,NULL,NULL
8,遠藤,一星,NULL,NULL
9,大野,奨太,NULL,NULL
10,ソイロ,アルモンテ,NULL,NULL
11,加藤,匠馬,NULL,NULL
12,福田,永将,NULL,NULL
13,堂上,直倫,NULL,NULL
14,ダヤン,ビシエド,NULL,NULL
15,桂,依央利,NULL,NULL
16,吉川,尚輝,NULL,NULL
17,陽,岱鋼 ,NULL,NULL
18,中島,宏之,NULL,NULL
19,坂本,勇人,NULL,NULL
20,丸,佳浩,NULL,NULL
21,亀井,善行,NULL,NULL
22,小林,誠司,NULL,NULL
23,岡本,和真,NULL,NULL
24,炭谷,銀仁朗,NULL,NULL
25,石川,慎吾,NULL,NULL
26,立岡,宗一郎 ,NULL,NULL
27,重信,慎之介,NULL,NULL
28,大城,卓三,NULL,NULL
29,田中,俊太,NULL,NULL
30,中井,大介,NULL,NULL
31,桑原,将志,NULL,NULL
32,ホセ,ロペス,NULL,NULL
33,梶谷,隆幸,NULL,NULL
34,倉本,寿彦,NULL,NULL
35,神里,和毅,NULL,NULL
36,大和,,NULL,NULL
37,戸柱,恭孝,NULL,NULL
38,伊藤,光,NULL,NULL
39,柴田,竜拓,NULL,NULL
40,乙坂,智,NULL,NULL
41,楠本,泰史,NULL,NULL
42,嶺井,博希,NULL,NULL
43,石川,雄洋,NULL,NULL
44,宮﨑,敏郎,NULL,NULL
45,ネフタリ,ソト,NULL,NULL
46,上本,博紀,NULL,NULL
47,木浪,聖也,NULL,NULL
48,北條,史也,NULL,NULL
49,大山,悠輔,NULL,NULL
50,近本,光司,NULL,NULL
51,糸井,嘉男,NULL,NULL
52,福留,孝介,NULL,NULL
53,高山,俊,NULL,NULL
54,坂本,誠志郎,NULL,NULL
55,江越,大賀,NULL,NULL
56,ジェフリー,マルテ,NULL,NULL
57,糸原,健斗,NULL,NULL
58,ジャスティン,ボーア,NULL,NULL
59,梅野,隆太郎,NULL,NULL
60,伊藤,隼太,NULL,NULL
61,ジェリー,サンズ,NULL,NULL
62,陽川,尚将,NULL,NULL
63,中谷,将大,NULL,NULL
64,俊介,,NULL,NULL
65,原口,文仁,NULL,NULL
66,鈴木,誠也,NULL,NULL
67,田中,広輔,NULL,NULL
68,小窪,哲也,NULL,NULL
69,長野,久義,NULL,NULL
70,安部,友裕,NULL,NULL
71,堂林,翔太,NULL,NULL
72,會澤,翼,NULL,NULL
73,石原,慶幸,NULL,NULL
74,菊池,涼介,NULL,NULL
75,野間,峻祥,NULL,NULL
76,松山,竜平,NULL,NULL
77,西川,龍馬,NULL,NULL
78,奥村,展征,NULL,NULL
79,藤井,亮太,NULL,NULL
80,山田,哲人,NULL,NULL
81,西浦,直亨,NULL,NULL
82,川端,慎吾,NULL,NULL
83,中山,翔太,NULL,NULL
84,塩見,泰隆,NULL,NULL
85,荒木,貴裕,NULL,NULL
86,青木,宣親,NULL,NULL
87,西田,明央,NULL,NULL
88,山崎,晃大朗,NULL,NULL
89,廣岡,大志,NULL,NULL
90,雄平,,NULL,NULL
91,坂口,智隆,NULL,NULL
92,嶋,基宏,NULL,NULL
93,太田,賢吾,NULL,NULL
94,上田,剛史,NULL,NULL
95,中村,悠平,NULL,NULL
96,村上,宗隆,NULL,NULL
97,井野,卓,NULL,NULL
98,栗山,巧,NULL,NULL
99,岡田,雅利,NULL,NULL
100,山川,穂高,NULL,NULL
101,外崎,修汰,NULL,NULL
102,源田,壮亮,NULL,NULL
103,金子,侑司,NULL,NULL
104,木村,文紀,NULL,NULL
105,森,友哉,NULL,NULL
106,永江,恭平,NULL,NULL
107,熊代,聖人,NULL,NULL
108,中村,剛也,NULL,NULL
109,エルネスト,メヒア,NULL,NULL
110,川瀬,晃,NULL,NULL
111,高田,知季,NULL,NULL
112,内川,聖一,NULL,NULL
113,川島,慶三,NULL,NULL
114,松田,宣浩,NULL,NULL
115,今宮,健太,NULL,NULL
116,中村,晃,NULL,NULL
117,明石,健志,NULL,NULL
118,柳田,悠岐,NULL,NULL
119,髙谷,裕亮,NULL,NULL
120,甲斐,拓也,NULL,NULL
121,西田,哲朗,NULL,NULL
122,周東,佑京,NULL,NULL
123,長谷川,勇也,NULL,NULL
124,ジュリスベル,グラシアル,NULL,NULL
125,栗原,陵矢,NULL,NULL
126,増田,,NULL,NULL
127,牧原大成,珠,NULL,NULL
128,堀内,汰門,NULL,NULL
129,谷川原,健太,NULL,NULL
130,上林,誠知,NULL,NULL
131,アルフレド,デスパイネ,NULL,NULL
132,野村,大樹,NULL,NULL
133,水谷,瞬,NULL,NULL
134,釜元,豪,NULL,NULL
135,真砂,勇介,NULL,NULL
136,九鬼,隆平,NULL,NULL
137,三森,大貴,NULL,NULL
138,浅村,栄斗,NULL,NULL
139,オコエ,瑠偉,NULL,NULL
140,茂木,栄五郎,NULL,NULL
141,藤田,一也,NULL,NULL
142,鈴木,大地,NULL,NULL
143,田中,和基,NULL,NULL
144,渡辺,直人,NULL,NULL
145,岡島,豪郎,NULL,NULL
146,銀次,,NULL,NULL
147,島内,宏明,NULL,NULL
148,ゼラス,ウィーラー,NULL,NULL
149,足立,祐一,NULL,NULL
150,ジャバリ,ブラッシュ,NULL,NULL
151,荻野,貴司,NULL,NULL
152,清田,育宏,NULL,NULL
153,角中,勝也,NULL,NULL
154,藤岡,裕大,NULL,NULL
155,中村,奨吾,NULL,NULL
156,加藤,翔平,NULL,NULL
157,平沢,大河,NULL,NULL
158,田村,龍弘,NULL,NULL
159,三木,亮,NULL,NULL
160,岡,大海,NULL,NULL
161,吉田,裕太,NULL,NULL
162,井上,晴哉,NULL,NULL
163,江村,直也,NULL,NULL
164,ブランドン,レアード,NULL,NULL
165,細谷,圭,NULL,NULL
166,レオネス,マーティン,NULL,NULL
167,杉谷,拳士,NULL,NULL
168,王,柏融,NULL,NULL
169,谷口,雄也,NULL,NULL
170,大田,泰示,NULL,NULL
171,中田,翔,NULL,NULL
172,西川,遥輝,NULL,NULL
173,近藤,健介,NULL,NULL
174,中島,卓也,NULL,NULL
175,清水,優心,NULL,NULL
176,松本,剛,NULL,NULL
177,清宮,幸太郎,NULL,NULL
178,鶴岡,慎也,NULL,NULL
179,渡邉,諒,NULL,NULL
180,淺間,大基,NULL,NULL
181,石井,一成,NULL,NULL
182,横尾,俊建,NULL,NULL
183,西浦,颯大,NULL,NULL
184,白崎,浩之,NULL,NULL
185,安達,了一,NULL,NULL
186,西野,真弘,NULL,NULL
187,宗,佑磨,NULL,NULL
188,後藤,駿太,NULL,NULL
189,大城,滉二,NULL,NULL
190,吉田,正尚,NULL,NULL
191,若月,健矢,NULL,NULL
192,小島,脩平,NULL,NULL
193,頓宮,裕真,NULL,NULL
194,小田,裕也,NULL,NULL
195,T-岡田,,NULL,NULL
196,山崎,勝己,NULL,NULL
197,杉本,裕太郎,NULL,NULL